{"gradients/Decoder.FC_output.bias": {"_type": "histogram", "values": [1.0, 1.0, 1.0, 1.0, 1.0, 3.0, 1.0, 4.0, 1.0, 3.0, 6.0, 3.0, 7.0, 9.0, 7.0, 5.0, 8.0, 9.0, 8.0, 7.0, 16.0, 22.0, 38.0, 24.0, 28.0, 31.0, 252.0, 59.0, 31.0, 28.0, 24.0, 20.0, 16.0, 21.0, 12.0, 15.0, 6.0, 10.0, 10.0, 5.0, 7.0, 0.0, 8.0, 4.0, 4.0, 0.0, 2.0, 1.0, 1.0, 1.0, 0.0, 1.0, 0.0, 0.0, 0.0, 0.0, 0.0, 0.0, 0.0, 0.0, 0.0, 0.0, 0.0, 1.0], "bins": [-5.504711151123047, -5.29927396774292, -5.093836784362793, -4.888400077819824, -4.682962894439697, -4.47752571105957, -4.272088527679443, -4.066651344299316, -3.8612143993377686, -3.6557772159576416, -3.4503402709960938, -3.244903087615967, -3.03946590423584, -2.834028959274292, -2.628591775894165, -2.423154830932617, -2.2177176475524902, -2.0122804641723633, -1.8068435192108154, -1.6014063358306885, -1.395969271659851, -1.1905322074890137, -0.9850950241088867, -0.7796579599380493, -0.5742208957672119, -0.3687838017940521, -0.16334670782089233, 0.042090415954589844, 0.24752748012542725, 0.45296454429626465, 0.6584017276763916, 0.863838791847229, 1.0692753791809082, 1.2747124433517456, 1.480149507522583, 1.68558669090271, 1.8910237550735474, 2.0964608192443848, 2.3018980026245117, 2.5073351860046387, 2.7127721309661865, 2.9182093143463135, 3.1236462593078613, 3.3290834426879883, 3.5345206260681152, 3.739957571029663, 3.94539475440979, 4.150831699371338, 4.356268882751465, 4.561706066131592, 4.767143249511719, 4.9725799560546875, 5.1780171394348145, 5.383454322814941, 5.588891506195068, 5.794328689575195, 5.999765396118164, 6.205202579498291, 6.410639762878418, 6.616076469421387, 6.821513652801514, 7.026950836181641, 7.232388019561768, 7.4378252029418945, 7.6432623863220215]}, "gradients/Decoder.FC_output.weight": {"_type": "histogram", "values": [4.0, 1.0, 3.0, 5.0, 10.0, 8.0, 12.0, 14.0, 28.0, 41.0, 51.0, 83.0, 113.0, 175.0, 200.0, 329.0, 423.0, 589.0, 808.0, 1096.0, 1533.0, 2018.0, 2576.0, 3562.0, 4837.0, 6251.0, 8707.0, 11883.0, 16012.0, 23507.0, 150380.0, 23838.0, 15306.0, 11075.0, 7889.0, 5658.0, 4176.0, 2986.0, 2205.0, 1647.0, 1113.0, 737.0, 501.0, 359.0, 236.0, 164.0, 140.0, 93.0, 60.0, 48.0, 27.0, 22.0, 19.0, 9.0, 7.0, 5.0, 5.0, 7.0, 1.0, 3.0, 1.0, 3.0, 0.0, 1.0], "bins": [-10.737292289733887, -10.382865905761719, -10.028440475463867, -9.6740140914917, -9.319587707519531, -8.965161323547363, -8.610734939575195, -8.256309509277344, -7.901883125305176, -7.547456741333008, -7.193030834197998, -6.838604927062988, -6.48417854309082, -6.129752159118652, -5.775326251983643, -5.420900344848633, -5.066473960876465, -4.712047576904297, -4.357621669769287, -4.003195762634277, -3.6487693786621094, -3.2943432331085205, -2.9399170875549316, -2.5854909420013428, -2.231064796447754, -1.876638650894165, -1.5222125053405762, -1.1677863597869873, -0.8133602142333984, -0.45893406867980957, -0.1045079231262207, 0.24991822242736816, 0.6043434143066406, 0.9587695598602295, 1.3131957054138184, 1.6676218509674072, 2.022047996520996, 2.376474142074585, 2.730900287628174, 3.0853264331817627, 3.4397525787353516, 3.7941787242889404, 4.148604869842529, 4.503030776977539, 4.857457160949707, 5.211883544921875, 5.566309452056885, 5.9207353591918945, 6.2751617431640625, 6.6295881271362305, 6.98401403427124, 7.33843994140625, 7.692866325378418, 8.047292709350586, 8.401718139648438, 8.756144523620605, 9.110570907592773, 9.464997291564941, 9.81942367553711, 10.173849105834961, 10.528275489807129, 10.882701873779297, 11.237127304077148, 11.591553688049316, 11.945980072021484]}, "gradients/Decoder.FC_hidden.bias": {"_type": "histogram", "values": [1.0, 0.0, 1.0, 0.0, 0.0, 0.0, 0.0, 1.0, 0.0, 4.0, 2.0, 3.0, 3.0, 3.0, 3.0, 6.0, 8.0, 11.0, 4.0, 16.0, 11.0, 13.0, 14.0, 23.0, 19.0, 27.0, 27.0, 31.0, 33.0, 25.0, 19.0, 17.0, 12.0, 11.0, 12.0, 4.0, 7.0, 7.0, 4.0, 0.0, 4.0, 4.0, 0.0, 1.0, 1.0, 1.0, 1.0, 0.0, 2.0, 2.0, 0.0, 1.0, 0.0, 0.0, 0.0, 0.0, 0.0, 0.0, 0.0, 0.0, 0.0, 0.0, 0.0, 1.0], "bins": [-18.37529754638672, -17.682374954223633, -16.989452362060547, -16.29652976989746, -15.603608131408691, -14.910685539245605, -14.21776294708252, -13.52484130859375, -12.831918716430664, -12.138996124267578, -11.446073532104492, -10.753150939941406, -10.060229301452637, -9.36730670928955, -8.674384117126465, -7.981462001800537, -7.288538932800293, -6.595616340637207, -5.902694225311279, -5.209771633148193, -4.516849517822266, -3.8239269256591797, -3.1310043334960938, -2.438082218170166, -1.74515962600708, -1.0522372722625732, -0.35931479930877686, 0.33360767364501953, 1.0265300273895264, 1.7194523811340332, 2.412374973297119, 3.105297088623047, 3.798219680786133, 4.491142272949219, 5.1840643882751465, 5.876986980438232, 6.56990909576416, 7.262831687927246, 7.955754280090332, 8.648675918579102, 9.341598510742188, 10.034521102905273, 10.72744369506836, 11.420366287231445, 12.113287925720215, 12.8062105178833, 13.499133110046387, 14.192054748535156, 14.884978294372559, 15.577900886535645, 16.270822525024414, 16.9637451171875, 17.656667709350586, 18.349590301513672, 19.042512893676758, 19.735435485839844, 20.42835807800293, 21.121280670166016, 21.8142032623291, 22.507125854492188, 23.200048446655273, 23.89297103881836, 24.585891723632812, 25.2788143157959, 25.971736907958984]}, "gradients/Decoder.FC_hidden.weight": {"_type": "histogram", "values": [1.0, 1.0, 2.0, 1.0, 1.0, 4.0, 5.0, 5.0, 3.0, 10.0, 12.0, 11.0, 19.0, 18.0, 50.0, 63.0, 72.0, 92.0, 159.0, 209.0, 249.0, 333.0, 456.0, 538.0, 617.0, 770.0, 784.0, 769.0, 680.0, 528.0, 378.0, 294.0, 212.0, 143.0, 137.0, 96.0, 65.0, 50.0, 37.0, 24.0, 25.0, 19.0, 20.0, 7.0, 5.0, 4.0, 5.0, 2.0, 7.0, 2.0, 0.0, 3.0, 1.0, 1.0, 0.0, 0.0, 0.0, 0.0, 0.0, 0.0, 0.0, 0.0, 0.0, 1.0], "bins": [-21.261781692504883, -20.454090118408203, -19.64639663696289, -18.83870506286621, -18.03101348876953, -17.22332000732422, -16.41562843322754, -15.607935905456543, -14.800243377685547, -13.99255084991455, -13.184859275817871, -12.377166748046875, -11.569474220275879, -10.761781692504883, -9.954090118408203, -9.146397590637207, -8.338706016540527, -7.5310139656066895, -6.723321437835693, -5.9156293869018555, -5.107936859130859, -4.3002448081970215, -3.4925527572631836, -2.6848602294921875, -1.8771681785583496, -1.0694758892059326, -0.2617837190628052, 0.5459084510803223, 1.3536007404327393, 2.1612930297851562, 2.968985080718994, 3.7766776084899902, 4.584369659423828, 5.392061710357666, 6.199754238128662, 7.0074462890625, 7.815138816833496, 8.622831344604492, 9.430522918701172, 10.238215446472168, 11.045907974243164, 11.85360050201416, 12.66129207611084, 13.468984603881836, 14.276677131652832, 15.084369659423828, 15.892061233520508, 16.699752807617188, 17.5074462890625, 18.31513786315918, 19.122831344604492, 19.930522918701172, 20.73821449279785, 21.545907974243164, 22.353599548339844, 23.161293029785156, 23.968982696533203, 24.776674270629883, 25.584367752075195, 26.392059326171875, 27.199750900268555, 28.007444381713867, 28.815135955810547, 29.62282943725586, 30.43052101135254]}, "gradients/Encoder.FC_var.bias": {"_type": "histogram", "values": [1.0, 0.0, 0.0, 0.0, 0.0, 0.0, 0.0, 0.0, 0.0, 0.0, 0.0, 1.0, 0.0, 0.0, 0.0, 1.0, 0.0, 0.0, 0.0, 0.0, 1.0, 1.0, 0.0, 1.0, 1.0, 0.0, 0.0, 0.0, 0.0, 0.0, 1.0, 0.0, 2.0, 0.0, 0.0, 0.0, 2.0, 0.0, 0.0, 1.0, 0.0, 1.0, 0.0, 0.0, 0.0, 0.0, 0.0, 0.0, 0.0, 0.0, 1.0, 0.0, 0.0, 1.0, 1.0, 0.0, 1.0, 0.0, 0.0, 1.0, 0.0, 0.0, 0.0, 1.0],