{"gradients/Decoder.FC_output.bias": {"_type": "histogram", "values": [1.0, 0.0, 0.0, 0.0, 1.0, 0.0, 1.0, 1.0, 1.0, 0.0, 3.0, 1.0, 2.0, 2.0, 0.0, 2.0, 1.0, 6.0, 8.0, 5.0, 4.0, 9.0, 8.0, 19.0, 5.0, 10.0, 13.0, 20.0, 21.0, 29.0, 33.0, 247.0, 56.0, 42.0, 29.0, 20.0, 17.0, 17.0, 21.0, 19.0, 12.0, 13.0, 12.0, 11.0, 7.0, 4.0, 5.0, 3.0, 6.0, 8.0, 6.0, 2.0, 5.0, 2.0, 2.0, 3.0, 2.0, 0.0, 2.0, 1.0, 1.0, 1.0, 1.0, 1.0], "bins": [-5.8295488357543945, -5.6456451416015625, -5.4617414474487305, -5.277837753295898, -5.093934059143066, -4.910030364990234, -4.726126670837402, -4.54222297668457, -4.358319282531738, -4.174415588378906, -3.990511894226074, -3.806608200073242, -3.62270450592041, -3.438800811767578, -3.254897117614746, -3.070993423461914, -2.887089490890503, -2.703185796737671, -2.519282102584839, -2.335378408432007, -2.151474714279175, -1.9675710201263428, -1.7836672067642212, -1.5997635126113892, -1.4158598184585571, -1.231956124305725, -1.048052430152893, -0.8641486763954163, -0.6802449822425842, -0.4963412880897522, -0.3124375343322754, -0.12853384017944336, 0.05536985397338867, 0.2392735630273819, 0.4231772720813751, 0.6070809960365295, 0.7909846901893616, 0.9748883843421936, 1.1587921380996704, 1.3426958322525024, 1.5265995264053345, 1.7105032205581665, 1.8944069147109985, 2.07831072807312, 2.262214422225952, 2.446118116378784, 2.630021810531616, 2.8139255046844482, 2.9978291988372803, 3.1817328929901123, 3.3656365871429443, 3.5495402812957764, 3.7334439754486084, 3.9173476696014404, 4.101251602172852, 4.285155296325684, 4.469058990478516, 4.652962684631348, 4.83686637878418, 5.020770072937012, 5.204673767089844, 5.388577461242676, 5.572481155395508, 5.75638484954834, 5.940288543701172]}, "gradients/Decoder.FC_output.weight": {"_type": "histogram", "values": [2.0, 1.0, 1.0, 1.0, 1.0, 2.0, 6.0, 2.0, 3.0, 14.0, 15.0, 20.0, 37.0, 50.0, 61.0, 86.0, 140.0, 176.0, 250.0, 402.0, 520.0, 744.0, 1048.0, 1473.0, 1974.0, 2738.0, 3796.0, 5238.0, 7050.0, 9497.0, 13283.0, 19480.0, 146856.0, 28648.0, 18013.0, 13179.0, 9967.0, 7362.0, 5525.0, 4327.0, 3113.0, 2273.0, 1665.0, 1214.0, 903.0, 688.0, 498.0, 371.0, 256.0, 162.0, 135.0, 103.0, 66.0, 46.0, 41.0, 29.0, 12.0, 7.0, 12.0, 8.0, 3.0, 4.0, 0.0, 3.0], "bins": [-10.712431907653809, -10.383071899414062, -10.053711891174316, -9.72435188293457, -9.394991874694824, -9.065631866455078, -8.736271858215332, -8.406911849975586, -8.077552795410156, -7.74819278717041, -7.418832778930664, -7.089472770690918, -6.760112762451172, -6.430752754211426, -6.101393222808838, -5.772033214569092, -5.4426727294921875, -5.113312721252441, -4.783952713012695, -4.454592704772949, -4.125232696533203, -3.795872926712036, -3.466513156890869, -3.137153148651123, -2.807793140411377, -2.478433132171631, -2.1490731239318848, -1.8197133541107178, -1.4903533458709717, -1.1609933376312256, -0.831633448600769, -0.5022735595703125, -0.1729145050048828, 0.1564454436302185, 0.4858053922653198, 0.8151653409004211, 1.1445252895355225, 1.4738852977752686, 1.803245186805725, 2.1326050758361816, 2.4619650840759277, 2.791325092315674, 3.12068510055542, 3.450044870376587, 3.779404878616333, 4.1087646484375, 4.438124656677246, 4.767484664916992, 5.096844673156738, 5.426204681396484, 5.7555646896362305, 6.084924697875977, 6.414284706115723, 6.743644714355469, 7.073004245758057, 7.402364253997803, 7.731724262237549, 8.061083793640137, 8.390443801879883, 8.719803810119629, 9.049163818359375, 9.378523826599121, 9.707883834838867, 10.037243843078613, 10.36660385131836]}, "gradients/Decoder.FC_hidden.bias": {"_type": "histogram", "values": [1.0, 0.0, 1.0, 2.0, 2.0, 1.0, 0.0, 3.0, 0.0, 2.0, 6.0, 8.0, 6.0, 4.0, 4.0, 6.0, 6.0, 11.0, 6.0, 12.0, 12.0, 9.0, 17.0, 18.0, 8.0, 20.0, 21.0, 23.0, 24.0, 19.0, 18.0, 14.0, 11.0, 16.0, 18.0, 9.0, 6.0, 11.0, 3.0, 3.0, 4.0, 2.0, 2.0, 2.0, 6.0, 2.0, 3.0, 4.0, 5.0, 1.0, 0.0, 1.0, 1.0, 0.0, 0.0, 1.0, 1.0, 0.0, 1.0, 1.0, 1.0, 0.0, 0.0, 1.0], "bins": [-18.349538803100586, -17.735315322875977, -17.121089935302734, -16.506866455078125, -15.8926420211792, -15.278417587280273, -14.664194107055664, -14.049969673156738, -13.435745239257812, -12.821520805358887, -12.207296371459961, -11.593072891235352, -10.978848457336426, -10.3646240234375, -9.75040054321289, -9.136176109313965, -8.521951675415039, -7.907727241516113, -7.293503284454346, -6.679279327392578, -6.065054893493652, -5.450830459594727, -4.836606502532959, -4.222382545471191, -3.6081581115722656, -2.993933916091919, -2.3797097206115723, -1.7654855251312256, -1.151261329650879, -0.5370371341705322, 0.07718706130981445, 0.691411018371582, 1.3056373596191406, 1.9198615550994873, 2.534085750579834, 3.1483099460601807, 3.7625341415405273, 4.376758575439453, 4.990982532501221, 5.605206489562988, 6.219430923461914, 6.83365535736084, 7.447879314422607, 8.062103271484375, 8.6763277053833, 9.290552139282227, 9.904775619506836, 10.519000053405762, 11.133224487304688, 11.747448921203613, 12.361673355102539, 12.975896835327148, 13.590121269226074, 14.204345703125, 14.81856918334961, 15.432793617248535, 16.04701805114746, 16.66124153137207, 17.275466918945312, 17.889690399169922, 18.50391387939453, 19.118139266967773, 19.732362747192383, 20.346588134765625, 20.960811614990234]}, "gradients/Decoder.FC_hidden.weight": {"_type": "histogram", "values": [1.0, 0.0, 2.0, 0.0, 0.0, 1.0, 1.0, 3.0, 1.0, 2.0, 4.0, 7.0, 14.0, 9.0, 25.0, 23.0, 39.0, 30.0, 52.0, 61.0, 88.0, 119.0, 154.0, 195.0, 227.0, 320.0, 374.0, 470.0, 509.0, 638.0, 669.0, 614.0, 617.0, 554.0, 405.0, 377.0, 276.0, 221.0, 198.0, 169.0, 109.0, 99.0, 67.0, 67.0, 57.0, 26.0, 23.0, 20.0, 7.0, 7.0, 6.0, 13.0, 7.0, 8.0, 2.0, 2.0, 3.0, 0.0, 1.0, 1.0, 1.0, 1.0, 3.0, 1.0], "bins": [-21.9030818939209, -21.205589294433594, -20.50809669494629, -19.810604095458984, -19.11311149597168, -18.415618896484375, -17.718124389648438, -17.020633697509766, -16.323139190673828, -15.625646591186523, -14.928153991699219, -14.230661392211914, -13.53316879272461, -12.835676193237305, -12.138182640075684, -11.440690040588379, -10.74319839477539, -10.045705795288086, -9.348213195800781, -8.650720596313477, -7.953227519989014, -7.255734920501709, -6.558241844177246, -5.860749244689941, -5.163256645202637, -4.465764045715332, -3.7682712078094482, -3.0707783699035645, -2.3732857704162598, -1.675793170928955, -0.9783000946044922, -0.2808074951171875, 0.4166851043701172, 1.1141778230667114, 1.8116705417633057, 2.5091633796691895, 3.206655979156494, 3.904148578643799, 4.601641654968262, 5.299134254455566, 5.996626853942871, 6.694119453430176, 7.3916120529174805, 8.089105606079102, 8.786598205566406, 9.484090805053711, 10.181583404541016, 10.87907600402832, 11.576568603515625, 12.27406120300293, 12.971553802490234, 13.669046401977539, 14.366539001464844, 15.064031600952148, 15.76152515411377, 16.45901870727539, 17.156509399414062, 17.854001998901367, 18.551494598388672, 19.248987197875977, 19.94647979736328, 20.643972396850586, 21.34146499633789, 22.038959503173828, 22.736452102661133]}, "gradients/Encoder.FC_var.bias": {"_type": "histogram", "values": [1.0, 1.0, 0.0, 0.0, 0.0, 0.0, 0.0, 0.0, 0.0, 0.0, 0.0, 0.0, 0.0, 0.0, 1.0, 0.0, 0.0, 0.0, 0.0, 0.0, 1.0, 0.0, 1.0, 0.0, 1.0, 0.0, 0.0, 0.0, 1.0, 0.0, 1.0, 0.0, 0.0, 1.0, 1.0, 0.0, 0.0, 1.0, 0.0, 0.0, 0.0, 0.0, 0.0, 1.0, 0.0, 1.0, 0.0, 0.0, 1.0, 1.0, 1.0, 0.0, 0.0, 0.0, 0.0, 1.0, 0.0, 1.0, 0.0, 0.0, 1.0, 0.0, 0.0, 1.0],