{"gradients/Decoder.FC_output.bias": {"_type": "histogram", "values": [1.0, 0.0, 0.0, 0.0, 0.0, 0.0, 0.0, 0.0, 0.0, 0.0, 0.0, 1.0, 2.0, 0.0, 3.0, 3.0, 3.0, 3.0, 7.0, 5.0, 7.0, 6.0, 7.0, 10.0, 11.0, 14.0, 19.0, 34.0, 24.0, 35.0, 257.0, 82.0, 32.0, 23.0, 28.0, 17.0, 20.0, 20.0, 15.0, 7.0, 10.0, 9.0, 11.0, 4.0, 8.0, 4.0, 5.0, 10.0, 5.0, 5.0, 1.0, 5.0, 1.0, 1.0, 2.0, 0.0, 1.0, 1.0, 0.0, 2.0, 1.0, 0.0, 0.0, 2.0], "bins": [-7.043996334075928, -6.815037250518799, -6.586078643798828, -6.357119560241699, -6.12816047668457, -5.8992018699646, -5.670242786407471, -5.4412841796875, -5.212325096130371, -4.983366012573242, -4.7544074058532715, -4.525448322296143, -4.296489715576172, -4.067530632019043, -3.838571548461914, -3.6096127033233643, -3.3806538581848145, -3.1516950130462646, -2.922736167907715, -2.693777084350586, -2.464818239212036, -2.2358593940734863, -2.0069003105163574, -1.7779414653778076, -1.5489826202392578, -1.320023775100708, -1.0910648107528687, -0.8621059060096741, -0.6331470012664795, -0.4041881561279297, -0.17522919178009033, 0.05372977256774902, 0.2826881408691406, 0.5116470456123352, 0.7406059503555298, 0.9695648550987244, 1.198523759841919, 1.4274826049804688, 1.656441569328308, 1.8854005336761475, 2.1143593788146973, 2.343318223953247, 2.572277069091797, 2.801236152648926, 3.0301949977874756, 3.2591538429260254, 3.4881129264831543, 3.717071771621704, 3.946030616760254, 4.174989700317383, 4.4039483070373535, 4.632907390594482, 4.861865997314453, 5.090825080871582, 5.319784164428711, 5.54874324798584, 5.7777018547058105, 6.0066609382629395, 6.23561954498291, 6.464578628540039, 6.693537712097168, 6.922496318817139, 7.151455402374268, 7.380414009094238, 7.609373092651367]}, "gradients/Decoder.FC_output.weight": {"_type": "histogram", "values": [2.0, 0.0, 1.0, 1.0, 6.0, 2.0, 4.0, 7.0, 19.0, 21.0, 31.0, 47.0, 77.0, 107.0, 171.0, 225.0, 372.0, 466.0, 726.0, 1025.0, 1469.0, 2020.0, 2906.0, 4188.0, 5664.0, 7819.0, 10738.0, 14508.0, 21716.0, 152557.0, 22447.0, 14646.0, 11051.0, 8577.0, 6860.0, 5414.0, 4156.0, 3218.0, 2504.0, 1894.0, 1490.0, 1135.0, 860.0, 637.0, 479.0, 335.0, 274.0, 195.0, 153.0, 117.0, 75.0, 54.0, 43.0, 36.0, 18.0, 17.0, 6.0, 6.0, 3.0, 1.0, 0.0, 1.0, 0.0, 3.0], "bins": [-10.102058410644531, -9.757295608520508, -9.412532806396484, -9.067769050598145, -8.723006248474121, -8.378243446350098, -8.033480644226074, -7.688717365264893, -7.343954086303711, -6.9991912841796875, -6.654428005218506, -6.309665203094482, -5.964901924133301, -5.620139122009277, -5.275376319885254, -4.930613040924072, -4.585850238800049, -4.241087436676025, -3.8963241577148438, -3.5515613555908203, -3.2067980766296387, -2.8620352745056152, -2.5172722339630127, -2.17250919342041, -1.8277461528778076, -1.482983112335205, -1.1382200717926025, -0.7934571504592896, -0.448694109916687, -0.10393106937408447, 0.24083185195922852, 0.585594892501831, 0.9303579330444336, 1.2751209735870361, 1.6198840141296387, 1.9646469354629517, 2.3094100952148438, 2.654172897338867, 2.9989359378814697, 3.3436989784240723, 3.688462018966675, 4.033225059509277, 4.377987861633301, 4.722751140594482, 5.067513942718506, 5.4122772216796875, 5.757040023803711, 6.101802825927734, 6.446566104888916, 6.7913289070129395, 7.136092185974121, 7.4808549880981445, 7.825618267059326, 8.170381546020508, 8.515144348144531, 8.859907150268555, 9.204669952392578, 9.549432754516602, 9.894195556640625, 10.238959312438965, 10.583722114562988, 10.928484916687012, 11.273247718811035, 11.618011474609375, 11.962774276733398]}, "gradients/Decoder.FC_hidden.bias": {"_type": "histogram", "values": [1.0, 0.0, 0.0, 0.0, 2.0, 0.0, 1.0, 0.0, 1.0, 0.0, 0.0, 1.0, 1.0, 0.0, 2.0, 1.0, 2.0, 1.0, 2.0, 3.0, 3.0, 8.0, 11.0, 7.0, 11.0, 10.0, 7.0, 13.0, 14.0, 8.0, 14.0, 16.0, 14.0, 17.0, 24.0, 25.0, 16.0, 12.0, 19.0, 14.0, 10.0, 10.0, 11.0, 12.0, 12.0, 9.0, 5.0, 8.0, 6.0, 4.0, 6.0, 7.0, 6.0, 4.0, 1.0, 1.0, 2.0, 3.0, 0.0, 0.0, 0.0, 0.0, 0.0, 2.0], "bins": [-24.950477600097656, -24.25999641418457, -23.569515228271484, -22.87903594970703, -22.188554763793945, -21.49807357788086, -20.807594299316406, -20.11711311340332, -19.426631927490234, -18.73615074157715, -18.045669555664062, -17.35519027709961, -16.664709091186523, -15.974227905273438, -15.283747673034668, -14.593267440795898, -13.902786254882812, -13.212305068969727, -12.521824836730957, -11.831344604492188, -11.140863418579102, -10.450382232666016, -9.759902000427246, -9.069421768188477, -8.37894058227539, -7.688459873199463, -6.997979164123535, -6.307498455047607, -5.61701774597168, -4.926537036895752, -4.236056327819824, -3.5455756187438965, -2.8550968170166016, -2.164616107940674, -1.474135398864746, -0.7836546897888184, -0.09317398071289062, 0.5973067283630371, 1.2877874374389648, 1.9782681465148926, 2.6687488555908203, 3.359229564666748, 4.049710273742676, 4.7401909828186035, 5.430671691894531, 6.121152400970459, 6.811633110046387, 7.5021138191223145, 8.192594528198242, 8.883075714111328, 9.573555946350098, 10.264036178588867, 10.954517364501953, 11.644998550415039, 12.335478782653809, 13.025959014892578, 13.716440200805664, 14.40692138671875, 15.09740161895752, 15.787881851196289, 16.478363037109375, 17.16884422302246, 17.859325408935547, 18.5498046875, 19.240285873413086]}, "gradients/Decoder.FC_hidden.weight": {"_type": "histogram", "values": [2.0, 0.0, 2.0, 0.0, 0.0, 1.0, 0.0, 2.0, 3.0, 2.0, 7.0, 12.0, 11.0, 14.0, 20.0, 25.0, 33.0, 41.0, 45.0, 72.0, 83.0, 103.0, 135.0, 172.0, 188.0, 292.0, 361.0, 393.0, 533.0, 643.0, 656.0, 651.0, 606.0, 563.0, 483.0, 388.0, 313.0, 235.0, 209.0, 169.0, 108.0, 103.0, 90.0, 53.0, 48.0, 32.0, 23.0, 17.0, 16.0, 11.0, 5.0, 10.0, 4.0, 1.0, 2.0, 4.0, 3.0, 0.0, 0.0, 1.0, 0.0, 0.0, 0.0, 1.0], "bins": [-23.350252151489258, -22.606111526489258, -21.861970901489258, -21.117830276489258, -20.373687744140625, -19.629547119140625, -18.885406494140625, -18.141265869140625, -17.397125244140625, -16.652984619140625, -15.908843994140625, -15.164702415466309, -14.420561790466309, -13.676421165466309, -12.932279586791992, -12.188138961791992, -11.443998336791992, -10.699857711791992, -9.955717086791992, -9.211575508117676, -8.467434883117676, -7.723294258117676, -6.979153156280518, -6.235012054443359, -5.490871429443359, -4.746730804443359, -4.002589702606201, -3.258448839187622, -2.514307975769043, -1.7701671123504639, -1.0260262489318848, -0.28188514709472656, 0.46225738525390625, 1.2063982486724854, 1.9505391120910645, 2.6946799755096436, 3.4388208389282227, 4.182961463928223, 4.927102565765381, 5.671243667602539, 6.415384292602539, 7.159524917602539, 7.903666019439697, 8.647807121276855, 9.391947746276855, 10.136088371276855, 10.880229949951172, 11.624370574951172, 12.368511199951172, 13.112651824951172, 13.856792449951172, 14.600934028625488, 15.345074653625488, 16.089216232299805, 16.833356857299805, 17.577497482299805, 18.321638107299805, 19.065778732299805, 19.809919357299805, 20.554059982299805, 21.298202514648438, 22.042343139648438, 22.786483764648438, 23.530624389648438, 24.274765014648438]}, "gradients/Encoder.FC_var.bias": {"_type": "histogram", "values": [1.0, 0.0, 0.0, 0.0, 0.0, 0.0, 0.0, 0.0, 0.0, 0.0, 1.0, 0.0, 0.0, 0.0, 0.0, 0.0, 0.0, 1.0, 0.0, 0.0, 0.0, 1.0, 0.0, 0.0, 0.0, 4.0, 2.0, 1.0, 0.0, 0.0, 0.0, 0.0, 0.0, 0.0, 1.0, 0.0, 0.0, 0.0, 1.0, 0.0, 1.0, 2.0, 1.0, 0.0, 0.0, 0.0, 0.0, 0.0, 0.0, 1.0, 0.0, 0.0, 0.0, 0.0, 0.0, 1.0, 0.0, 0.0, 0.0, 0.0, 0.0, 0.0, 0.0, 1.0],